Workbook

Sheet Summary
A1: AI Law Portal: Project Tracker
A2: Status as of 2026-10-08. Edit the Status column (dropdown) on the Frontend, Backend and AI sheets; this page recalculates.
A4: Area | B4: Done | C4: In Progress | D4: Not Started | E4: Blocked | F4: Total | G4: % Done
A5: Frontend | B5: =COUNTIF(Frontend!$E:$E,"Done") -> 15 | C5: =COUNTIF(Frontend!$E:$E,"In Progress") -> 1 | D5: =COUNTIF(Frontend!$E:$E,"Not Started") -> 14 | E5: =COUNTIF(Frontend!$E:$E,"Blocked") -> 0 | F5: =SUM(B5:E5) -> 30 | G5: =IF(F5=0,0,B5/F5) -> 0.5
A6: Backend | B6: =COUNTIF(Backend!$E:$E,"Done") -> 16 | C6: =COUNTIF(Backend!$E:$E,"In Progress") -> 0 | D6: =COUNTIF(Backend!$E:$E,"Not Started") -> 21 | E6: =COUNTIF(Backend!$E:$E,"Blocked") -> 1 | F6: =SUM(B6:E6) -> 38 | G6: =IF(F6=0,0,B6/F6) -> 0.42105263
A7: AI | B7: =COUNTIF(AI!$E:$E,"Done") -> 8 | C7: =COUNTIF(AI!$E:$E,"In Progress") -> 0 | D7: =COUNTIF(AI!$E:$E,"Not Started") -> 16 | E7: =COUNTIF(AI!$E:$E,"Blocked") -> 0 | F7: =SUM(B7:E7) -> 24 | G7: =IF(F7=0,0,B7/F7) -> 0.33333333
A8: Total | B8: =SUM(B5:B7) -> 39 | C8: =SUM(C5:C7) -> 1 | D8: =SUM(D5:D7) -> 51 | E8: =SUM(E5:E7) -> 1 | F8: =SUM(F5:F7) -> 92 | G8: =IF(F8=0,0,B8/F8) -> 0.42391304
A10: Progress by sprint
A11: Sprint | B11: Done | C11: Total | D11: % Done
A12: Setup | B12: =COUNTIFS(Frontend!$B:$B,$A12,Frontend!$E:$E,"Done")+COUNTIFS(Backend!$B:$B,$A12,Backend!$E:$E,"Done")+COUNTIFS(AI!$B:$B,$A12,AI!$E:$E,"Done") -> 6 | C12: =COUNTIF(Frontend!$B:$B,$A12)+COUNTIF(Backend!$B:$B,$A12)+COUNTIF(AI!$B:$B,$A12) -> 7 | D12: =IF(C12=0,0,B12/C12) -> 0.85714286
A13: Sprint 1 | B13: =COUNTIFS(Frontend!$B:$B,$A13,Frontend!$E:$E,"Done")+COUNTIFS(Backend!$B:$B,$A13,Backend!$E:$E,"Done")+COUNTIFS(AI!$B:$B,$A13,AI!$E:$E,"Done") -> 30 | C13: =COUNTIF(Frontend!$B:$B,$A13)+COUNTIF(Backend!$B:$B,$A13)+COUNTIF(AI!$B:$B,$A13) -> 38 | D13: =IF(C13=0,0,B13/C13) -> 0.78947368
A14: Sprint 2 | B14: =COUNTIFS(Frontend!$B:$B,$A14,Frontend!$E:$E,"Done")+COUNTIFS(Backend!$B:$B,$A14,Backend!$E:$E,"Done")+COUNTIFS(AI!$B:$B,$A14,AI!$E:$E,"Done") -> 0 | C14: =COUNTIF(Frontend!$B:$B,$A14)+COUNTIF(Backend!$B:$B,$A14)+COUNTIF(AI!$B:$B,$A14) -> 10 | D14: =IF(C14=0,0,B14/C14) -> 0
A15: Sprint 3 | B15: =COUNTIFS(Frontend!$B:$B,$A15,Frontend!$E:$E,"Done")+COUNTIFS(Backend!$B:$B,$A15,Backend!$E:$E,"Done")+COUNTIFS(AI!$B:$B,$A15,AI!$E:$E,"Done") -> 0 | C15: =COUNTIF(Frontend!$B:$B,$A15)+COUNTIF(Backend!$B:$B,$A15)+COUNTIF(AI!$B:$B,$A15) -> 11 | D15: =IF(C15=0,0,B15/C15) -> 0
A16: Sprint 4 | B16: =COUNTIFS(Frontend!$B:$B,$A16,Frontend!$E:$E,"Done")+COUNTIFS(Backend!$B:$B,$A16,Backend!$E:$E,"Done")+COUNTIFS(AI!$B:$B,$A16,AI!$E:$E,"Done") -> 0 | C16: =COUNTIF(Frontend!$B:$B,$A16)+COUNTIF(Backend!$B:$B,$A16)+COUNTIF(AI!$B:$B,$A16) -> 10 | D16: =IF(C16=0,0,B16/C16) -> 0
A17: Sprint 5 | B17: =COUNTIFS(Frontend!$B:$B,$A17,Frontend!$E:$E,"Done")+COUNTIFS(Backend!$B:$B,$A17,Backend!$E:$E,"Done")+COUNTIFS(AI!$B:$B,$A17,AI!$E:$E,"Done") -> 3 | C17: =COUNTIF(Frontend!$B:$B,$A17)+COUNTIF(Backend!$B:$B,$A17)+COUNTIF(AI!$B:$B,$A17) -> 16 | D17: =IF(C17=0,0,B17/C17) -> 0.1875
A19: Open items needing input from the project owner
A20: 1. eCourts API: base URL, auth method, endpoints, sample response (blocks BE-18 and all of Sprint 2).
A21: 2. Choose the first LLM and embedding model; embedding dimension is fixed at 768 in the schema (AI-09).
A22: 3. Confirm the pgvector package is installed on your Postgres server (BE-03).
A24: Notes: Sprint 1 items were verified by hand on Postgres 16 + pgvector with a stub OpenAI-compatible endpoint. Automated tests are tracked as BE-17 and FE-14.

Sheet Frontend
A1: ID | B1: Sprint | C1: Feature / Task | D1: Description | E1: Status | F1: Priority | G1: Dependency / Notes | H1: Owner | I1: Target date
A2: FE-01 | B2: Setup | C2: App shell | D2: Vite + React 18 + Router + TanStack Query + Tailwind v4 + shadcn/ui base | E2: Done | F2: High
A3: FE-02 | B3: Setup | C3: Sidebar layout and routes | D3: Nav for all product areas; placeholders for later sprints | E3: Done | F3: High
A4: FE-03 | B4: Sprint 1 | C4: Login and auth context | D4: Animated split-screen sign-in with SVG illustration; JWT session, protected routes, sign out | E4: Done | F4: High | G4: BE-04
A5: FE-04 | B5: Sprint 1 | C5: Matters list and create form | D5: List, status badge, create with new or existing client | E5: Done | F5: High | G5: BE-09
A6: FE-05 | B6: Sprint 1 | C6: Matter workspace: Overview (editable) | D6: View/edit status, priority, lawyer, court, legal issues | E6: Done | F6: High | G6: BE-09
A7: FE-06 | B7: Sprint 1 | C7: Matter workspace: Timeline tab | D7: Chronological event feed | E7: Done | F7: Medium | G7: BE-11
A8: FE-07 | B8: Sprint 1 | C8: Matter workspace: Documents tab | D8: Upload, status polling while indexing, error display | E8: Done | F8: High | G8: BE-12
A9: FE-08 | B9: Sprint 1 | C9: Matter workspace: Ask AI tab | D9: Question box, answer, numbered citations, disclaimer | E9: Done | F9: High | G9: BE-14, AI-08
A10: FE-09 | B10: Sprint 1 | C10: Matter workspace: Team tab | D10: Add/remove matter members | E10: Done | F10: Medium | G10: BE-10
A11: FE-10 | B11: Sprint 1 | C11: Clients page | D11: List, create, edit clients | E11: Done | F11: Medium | G11: BE-08
A12: FE-11 | B12: Sprint 1 | C12: Account page | D12: Profile, time zone, working hours, notification and AI prefs | E12: Done | F12: Medium | G12: BE-06
A13: FE-12 | B13: Sprint 5 | C13: AI provider settings page | D13: Admin form with Test connection; keys never shown | E13: Done | F13: High | G13: BE-15
A14: FE-13 | B14: Sprint 1 | C14: Matter tabs: Tasks, Hearings, Legal Intelligence, Communications, AI Activity | D14: Currently placeholders pointing to their sprint | E14: In Progress | F14: Low | G14: Built per sprint
A15: FE-14 | B15: Sprint 1 | C15: Frontend automated tests | D15: No unit or e2e tests yet (checked by hand with Playwright) | E15: Not Started | F15: Medium
A16: FE-15 | B16: Sprint 2 | C16: Legal Intelligence page | D16: Developments list, relevance, reviewed/dismissed actions | E16: Not Started | F16: High | G16: BE-20, AI-12
A17: FE-16 | B17: Sprint 2 | C17: Case comparison report view | D17: My case vs judgment: same, different, impact, review | E17: Not Started | F17: High | G17: AI-13
A18: FE-17 | B18: Sprint 3 | C18: Tasks UI | D18: Create, assign, due date, dependencies, archive | E18: Not Started | F18: High | G18: BE-23
A19: FE-18 | B19: Sprint 3 | C19: Calendar and hearings UI | D19: Per matter and per user views | E19: Not Started | F19: High | G19: BE-24
A20: FE-19 | B20: Sprint 3 | C20: People page | D20: Lawyers, workload, free/busy | E20: Not Started | F20: Medium | G20: BE-25
A21: FE-20 | B21: Sprint 3 | C21: Dashboard action center | D21: Due/overdue, hearings, follow-ups, AI alerts | E21: Not Started | F21: High | G21: BE-23, BE-24
A22: FE-21 | B22: Sprint 3 | C22: Notifications UI | D22: Inbox, mark read, actionable links | E22: Not Started | F22: Medium | G22: BE-27
A23: FE-22 | B23: Sprint 4 | C23: Approval inbox | D23: Approve / reject pending agent actions | E23: Not Started | F23: High | G23: AI-18
A24: FE-23 | B24: Sprint 5 | C24: Settings: legal data, calendar, email, storage | D24: Config forms with Test connection | E24: Not Started | F24: Medium | G24: BE-31
A25: FE-24 | B25: Sprint 5 | C25: Settings: agents and permissions | D25: Policy editor, overrides, kill switch | E25: Not Started | F25: High | G25: AI-16, AI-20
A26: FE-25 | B26: Sprint 5 | C26: Settings: notifications, retention, API keys | E26: Not Started | F26: Low
A27: FE-26 | B27: Sprint 5 | C27: Audit log viewer | D27: Search by user, agent, action, resource | E27: Not Started | F27: Medium | G27: BE-33
A28: FE-27 | B28: Sprint 5 | C28: Analytics pages | D28: Firm, legal intelligence and AI analytics | E28: Not Started | F28: Low | G28: BE-34
A29: FE-28 | B29: Sprint 1 | C29: Admin panel: Team & access | D29: Create logins (invite link or temporary password), change roles, disable/enable, reset links, search and filters | E29: Done | F29: Medium | G29: BE-07
A30: FE-29 | B30: Sprint 1 | C30: Invite activation (register) flow | D30: Paste invite link, verify, set name and password with strength meter, success animation | E30: Done | F30: High | G30: BE-36
A31: FE-30 | B31: Sprint 1 | C31: First-run firm setup | D31: Two-step: firm name, then first admin account; refused once any user exists | E31: Done | F31: High | G31: BE-36

Sheet Backend
A1: ID | B1: Sprint | C1: Feature / Task | D1: Description | E1: Status | F1: Priority | G1: Dependency / Notes | H1: Owner | I1: Target date
A2: BE-01 | B2: Setup | C2: Repo layout and config | D2: FastAPI app, pydantic settings, .env.example | E2: Done | F2: High
A3: BE-02 | B3: Setup | C3: Database models | D3: SQLAlchemy models for all entities, UUID PKs, pgvector chunks | E3: Done | F3: High
A4: BE-03 | B4: Setup | C4: Initial Alembic migration | D4: Includes CREATE EXTENSION vector | E4: Done | F4: High | G4: Needs pgvector package on the server
A5: BE-04 | B5: Sprint 1 | C5: Auth: login and /me | D5: JWT, bcrypt hashing, seed script for first admin | E5: Done | F5: High
A6: BE-05 | B6: Sprint 1 | C6: RBAC dependency | D6: require_roles(); admin-only AI settings verified (403 for lawyer) | E6: Done | F6: High
A7: BE-06 | B7: Sprint 1 | C7: Profile endpoint | D7: PATCH /auth/me with time zone and HH:MM validation; role not editable | E7: Done | F7: Medium
A8: BE-07 | B8: Sprint 1 | C8: User management API (admin) | D8: List, create (invite or temp password), change role, disable/enable, reissue link; self-lockout and last-admin guards | E8: Done | F8: Medium
A9: BE-08 | B9: Sprint 1 | C9: Clients API | D9: List, create, update | E9: Done | F9: High
A10: BE-09 | B10: Sprint 1 | C10: Matters API | D10: List, create, get, patch; matter numbering | E10: Done | F10: High | G10: Numbering uses row count; revisit for concurrency
A11: BE-10 | B11: Sprint 1 | C11: Matter members API | D11: List, add (409 on duplicate), remove; timeline-logged | E11: Done | F11: Medium
A12: BE-11 | B12: Sprint 1 | C12: Case timeline | D12: DB-backed events written by services | E12: Done | F12: High
A13: BE-12 | B13: Sprint 1 | C13: Document upload and extraction | D13: PDF/DOCX/TXT, local storage, per-page text, background task | E13: Done | F13: High
A14: BE-13 | B14: Sprint 1 | C14: Chunking and embeddings storage | D14: Chunks with doc/page/matter metadata in pgvector | E14: Done | F14: High | G14: AI-05
A15: BE-14 | B15: Sprint 1 | C15: Matter Q&A endpoint | D15: POST /matters/{id}/ask | E15: Done | F15: High | G15: AI-08
A16: BE-15 | B16: Sprint 5 | C16: AI provider settings API | D16: Encrypted keys, test endpoint (single provider) | E16: Done | F16: High
A17: BE-16 | B17: Sprint 1 | C17: Access control per matter | D17: Today any signed-in user can read any matter; restrict to members/assignee/partners | E17: Not Started | F17: High | G17: Security hardening
A18: BE-17 | B18: Sprint 1 | C18: Backend automated tests | D18: No pytest suite yet (verified by hand with curl) | E18: Not Started | F18: High
A19: BE-18 | B19: Sprint 2 | C19: eCourts provider adapter | D19: ECourtsProvider implements LegalDataProvider | E19: Blocked | F19: High | G19: Needs API base URL, auth, endpoints, sample response
A20: BE-19 | B20: Sprint 2 | C20: Legal data normalization | D20: Court, LegalCase, Party, Judgment, Order, Hearing, LegalProvision | E20: Not Started | F20: High | G20: BE-18
A21: BE-20 | B21: Sprint 2 | C21: Legal data sync and alerts | D21: Manual + scheduled, dedupe by external ID, LegalDevelopment alerts | E21: Not Started | F21: High | G21: BE-19
A22: BE-21 | B22: Sprint 2 | C22: Matter-to-judgment matching service | D22: Score storage with per-signal breakdown | E22: Not Started | F22: High | G22: AI-12
A23: BE-22 | B23: Sprint 2 | C23: Case comparison service | D23: Stores comparison reports | E23: Not Started | F23: Medium | G23: AI-13
A24: BE-23 | B24: Sprint 3 | C24: Tasks API | D24: CRUD, assignee, dependencies, archive; events to timeline | E24: Not Started | F24: High
A25: BE-24 | B25: Sprint 3 | C25: Calendar and hearings API | D25: CalendarProvider with local mock | E25: Not Started | F25: High
A26: BE-25 | B26: Sprint 3 | C26: People and availability service | D26: Free/busy from calendar + working hours | E26: Not Started | F26: Medium | G26: BE-24
A27: BE-26 | B27: Sprint 3 | C27: Scheduler | D27: APScheduler for briefings, reminders, sync | E27: Not Started | F27: High
A28: BE-27 | B28: Sprint 3 | C28: Notifications service | D28: De-duplicated, actionable | E28: Not Started | F28: Medium | G28: BE-26
A29: BE-28 | B29: Sprint 4 | C29: Policy engine | D29: ALLOWED / APPROVAL_REQUIRED / DISABLED, server-side | E29: Not Started | F29: High | G29: AI-16
A30: BE-29 | B30: Sprint 4 | C30: Approval requests API | D30: Approve/reject re-checks policy, executes, audits | E30: Not Started | F30: High | G30: BE-28
A31: BE-30 | B31: Sprint 4 | C31: Temporary overrides and kill switch | D31: Expiry checked at decision time | E31: Not Started | F31: High | G31: BE-28
A32: BE-31 | B32: Sprint 5 | C32: Integration settings APIs | D32: Legal data, calendar, email, storage with test connection | E32: Not Started | F32: Medium
A33: BE-32 | B33: Sprint 5 | C33: Model registry and routing API | D33: Task-to-model mapping without code change | E33: Not Started | F33: Medium | G33: AI-04
A34: BE-33 | B34: Sprint 5 | C34: Audit log | D34: Immutable record of every agent and user action | E34: Not Started | F34: High
A35: BE-34 | B35: Sprint 5 | C35: Analytics endpoints | D35: Only decision-driving metrics | E35: Not Started | F35: Low
A36: BE-35 | B36: Setup | C36: Deployment and CI | D36: Docker-free local run today; add CI for lint, tests, build | E36: Not Started | F36: Medium
A37: BE-36 | B37: Sprint 1 | C37: Firm setup and invite API | D37: /auth/setup, /auth/invite/{token}, /auth/accept-invite; tokens stored as SHA-256, single use, 7-day expiry | E37: Done | F37: High
A38: BE-37 | B38: Sprint 5 | C38: Email delivery of invite and reset links | D38: Today the admin copies the link; send it through EmailProvider | E38: Not Started | F38: Medium | G38: Email integration
A39: BE-38 | B39: Sprint 1 | C39: Login rate limiting | D39: Throttle repeated failed sign-ins per email and IP | E39: Not Started | F39: Medium | G39: Security hardening

Sheet AI
A1: ID | B1: Sprint | C1: Feature / Task | D1: Description | E1: Status | F1: Priority | G1: Dependency / Notes | H1: Owner | I1: Target date
A2: AI-01 | B2: Setup | C2: Provider interfaces | D2: LLM, Embedding, LegalData, Reranker, Email, Calendar interfaces | E2: Done | F2: High
A3: AI-02 | B3: Sprint 1 | C3: OpenAI-compatible LLM provider | D3: LangChain ChatOpenAI; works with Ollama, LM Studio, vLLM, OpenAI | E3: Done | F3: High | G3: Verified against a stub endpoint only
A4: AI-03 | B4: Sprint 1 | C4: OpenAI-compatible embeddings provider | D4: Fixed dimension 768 in schema | E4: Done | F4: High | G4: Verified against a stub endpoint only
A5: AI-04 | B5: Sprint 5 | C5: Provider registry and encrypted config | D5: Keys encrypted at rest, never returned to browser | E5: Done | F5: High
A6: AI-05 | B6: Sprint 1 | C6: Chunking and embedding pipeline | D6: Clean, chunk, embed, store with page metadata | E6: Done | F6: High
A7: AI-06 | B7: Sprint 1 | C7: Hybrid retrieval | D7: pgvector cosine + Postgres full-text, reciprocal rank fusion, top 6 | E7: Done | F7: High
A8: AI-07 | B8: Sprint 1 | C8: Answer grounding rules | D8: System prompt: only from sources, refuse if unsupported, no outcome prediction | E8: Done | F8: High
A9: AI-08 | B9: Sprint 1 | C9: Cited matter Q&A | D9: Answer with document/page citations | E9: Done | F9: High
A10: AI-09 | B10: Sprint 1 | C10: Validate with a real LLM and embedding model | D10: Choose models, confirm 768 dim, test on real legal PDFs | E10: Not Started | F10: High | G10: Needs your model choice
A11: AI-10 | B11: Sprint 1 | C11: RAG quality evaluation set | D11: Questions with expected sources; measure citation accuracy and refusals | E11: Not Started | F11: Medium | G11: AI-09
A12: AI-11 | B12: Sprint 1 | C12: Scanned PDF / OCR support | D12: Current extraction reads text PDFs only | E12: Not Started | F12: Medium
A13: AI-12 | B13: Sprint 2 | C13: Matter-to-judgment matching | D13: Multi-signal score: semantic, provision, court, case type, facts, recency | E13: Not Started | F13: High | G13: BE-19
A14: AI-13 | B14: Sprint 2 | C14: Case comparison prompts | D14: Same / different / impact; never predict outcome; not legal advice | E14: Not Started | F14: High | G14: AI-12
A15: AI-14 | B15: Sprint 2 | C15: Reranker provider | D15: Optional rerank step for retrieval and matching | E15: Not Started | F15: Low
A16: AI-15 | B16: Sprint 5 | C16: Native Anthropic, Google, Azure providers | D16: Settings lists them but only OpenAI-compatible is implemented | E16: Not Started | F16: Medium | G16: AI-04
A17: AI-16 | B17: Sprint 4 | C17: Agent tool registry | D17: Controlled tools that call app services only, via policy engine | E17: Not Started | F17: High | G17: BE-28
A18: AI-17 | B18: Sprint 4 | C18: LangGraph agents | D18: Daily Briefing, Matter Intelligence, Legal Research, Scheduling, Task | E18: Not Started | F18: High | G18: AI-16
A19: AI-18 | B19: Sprint 4 | C19: Execution modes and human approval | D19: Suggest / Approval / Autonomous; default approval for risky actions | E19: Not Started | F19: High | G19: BE-29
A20: AI-19 | B20: Sprint 4 | C20: Scheduling flow | D20: Find lawyer, check availability, propose, approve, create, notify, audit | E20: Not Started | F20: Medium | G20: BE-25
A21: AI-20 | B21: Sprint 4 | C21: Permission demo flow | D21: Delete task blocked while DISABLED, works after policy change | E21: Not Started | F21: Medium | G21: BE-28
A22: AI-21 | B22: Sprint 3 | C22: Daily briefing generation | D22: Per-user time from profile; stored result | E22: Not Started | F22: High | G22: BE-26
A23: AI-22 | B23: Sprint 5 | C23: Model routing per task | D23: Summary, research, email, classification, embeddings, rerank | E23: Not Started | F23: Medium | G23: BE-32
A24: AI-23 | B24: Sprint 5 | C24: AI usage analytics and cost tracking | D24: Calls, approvals, blocks, model usage | E24: Not Started | F24: Low | G24: BE-34
A25: AI-24 | B25: Sprint 4 | C25: Prompt-injection and data-leak guards | D25: Treat document and eCourts text as untrusted; tool args validated server-side | E25: Not Started | F25: High | G25: AI-16
